time,event,name,value,t30s,sp,temp1,temp2,temp3,out1,out2,out3,out4
2023-12-8T04:42:10Z,delayed start,,,,,,,,,,,
2023-12-8T04:42:10Z,info,,,,,,,,,,,
,info,gain,18,,,,,,,,,
,info,TC type,Type K,,,,,,,,,
,info,TC1 offset,0,,,,,,,,,
,info,TC2 offset,0,,,,,,,,,
,info,TC3 offset,0,,,,,,,,,
,info,error codes,On,,,,,,,,,
,info,cost,0,,,,,,,,,
,info,board temp,62,,,,,,,,,
,info,fw,v11.0,,,,,,,,,
2023-12-8T04:42:10Z,program,,,,,,,,,,,
,program,name,CH-2160-5M,,,,,,,,,
,program,number,3,,,,,,,,,
,program,segments,6,,,,,,,,,
2023-12-8T04:42:10Z,start ramp,,,,,,,,,,,
,start ramp,segment,1,,,,,,,,,
,start ramp,rate,200,,,,,,,,,
,start ramp,temp,250,,,,,,,,,
,,,,0,53,46,63,53,1,1,2,0
2023-12-8T04:42:22Z,diagnostics,,,,,,,,,,,
,diagnostics,type,1,,,,,,,,,
,diagnostics,no load volts,252,,,,,,,,,
,diagnostics,full load volts,253,,,,,,,,,
,diagnostics,amps1,0,,,,,,,,,
,diagnostics,amps2,0,,,,,,,,,
,diagnostics,amps3,0,,,,,,,,,
,diagnostics,output 1 volts,18.33,,,,,,,,,
,diagnostics,output 2 volts,18.33,,,,,,,,,
,diagnostics,output 3 volts,18.33,,,,,,,,,
,diagnostics,safety volts,18.33,,,,,,,,,
,diagnostics,number of firings,7,,,,,,,,,
,,,,1,54,47,64,54,1,1,2,0
,,,,2,56,49,66,56,1,1,2,0
,,,,3,57,50,67,57,0,0,0,0
,,,,4,59,50,67,57,1,1,2,0
,,,,5,61,50,67,57,1,1,2,0
,,,,6,62,50,67,57,1,1,2,0
,,,,7,64,50,67,57,2,2,3,0
,,,,8,66,51,68,58,2,2,3,0
,,,,9,67,51,68,58,3,3,4,0
,,,,10,69,51,68,58,4,4,5,0
,,,,11,71,51,68,58,5,5,6,0
,,,,12,72,51,68,58,6,6,7,0
,,,,13,74,51,68,58,7,7,8,0
,,,,14,76,51,68,58,8,8,9,0
,,,,15,77,52,69,59,9,9,10,0
,,,,16,79,52,69,59,10,10,11,0
,,,,17,81,52,69,59,12,12,13,0
,,,,18,82,52,69,59,13,13,14,0
,,,,19,84,52,69,59,14,14,15,0
,,,,20,86,53,70,60,16,16,17,0
,,,,21,87,53,70,60,17,17,18,0
,,,,22,89,54,71,61,19,19,20,0
,,,,23,91,55,72,62,19,20,21,0
,,,,24,92,55,72,62,20,21,23,0
,,,,25,94,56,73,63,22,23,25,0
,,,,26,96,57,74,64,23,24,26,0
,,,,27,97,58,75,65,24,25,27,0
,,,,28,99,59,76,66,25,26,28,0
,,,,29,101,61,78,68,26,27,29,0
,,,,30,102,62,79,69,27,28,30,0
,,,,31,104,64,81,71,28,29,31,0
,,,,32,106,65,82,72,29,30,32,0
,,,,33,107,67,84,74,30,31,33,0
,,,,34,109,70,87,77,30,31,33,0
,,,,35,111,72,89,79,31,32,34,0
,,,,36,112,74,91,81,32,33,35,0
,,,,37,114,76,93,83,33,34,36,0
,,,,38,116,78,95,85,33,34,36,0
,,,,39,117,80,97,87,34,35,37,0
,,,,40,119,83,100,90,35,36,38,0
,,,,41,121,85,102,92,35,36,38,0
,,,,42,122,88,105,95,35,36,38,0
,,,,43,124,90,107,97,36,37,39,0
,,,,44,126,93,110,100,36,37,39,0
,,,,45,127,96,113,103,36,37,39,0
,,,,46,129,98,115,105,37,38,40,0
,,,,47,131,101,118,108,37,38,40,0
,,,,48,132,104,121,111,37,38,40,0
,,,,49,134,108,125,115,36,37,39,0
,,,,50,136,110,127,117,36,37,39,0
,,,,51,137,113,130,120,36,37,39,0
,,,,52,139,116,133,123,35,36,38,0
,,,,53,141,119,136,126,35,36,38,0
,,,,54,142,122,139,129,34,35,37,0
,,,,55,144,125,142,132,34,35,37,0
,,,,56,146,128,145,135,33,34,36,0
,,,,57,147,130,147,137,33,34,36,0
,,,,58,149,133,150,140,32,33,35,0
,,,,59,151,134,151,141,32,33,35,0
,,,,60,152,137,154,144,31,32,34,0
,,,,61,154,141,158,148,30,31,33,0
,,,,62,156,143,160,150,29,30,32,0
,,,,63,157,146,163,153,29,30,32,0
,,,,64,159,149,166,156,28,29,31,0
,,,,65,161,151,168,158,27,28,30,0
,,,,66,162,153,170,160,26,27,29,0
,,,,67,164,155,172,162,25,26,28,0
,,,,68,166,158,175,165,24,25,27,0
,,,,69,167,160,177,167,24,25,27,0
,,,,70,169,162,179,169,23,24,26,0
,,,,71,171,164,181,171,22,23,25,0
,,,,72,172,166,183,173,21,22,24,0
,,,,73,174,168,185,175,20,21,23,0
,,,,74,176,170,187,177,20,21,23,0
,,,,75,177,171,188,178,19,20,21,0
,,,,76,179,173,190,180,19,19,20,0
,,,,77,181,175,192,182,19,19,20,0
,,,,78,182,176,193,183,18,18,19,0
,,,,79,184,178,195,185,17,17,18,0
,,,,80,186,179,196,186,17,17,18,0
,,,,81,187,181,198,188,16,16,17,0
,,,,82,189,182,199,189,16,16,17,0
,,,,83,191,183,200,190,16,16,17,0
,,,,84,192,185,202,192,15,15,16,0
,,,,85,194,186,203,193,15,15,16,0
,,,,86,196,187,204,194,15,15,16,0
,,,,87,197,188,205,195,15,15,16,0
,,,,88,199,189,206,196,15,15,16,0
,,,,89,201,190,207,197,15,15,16,0
,,,,90,202,192,209,199,14,14,15,0
,,,,91,204,193,210,200,14,14,15,0
,,,,92,206,194,211,201,14,14,15,0
,,,,93,207,195,212,202,14,14,15,0
,,,,94,209,196,213,203,14,14,15,0
,,,,95,211,197,214,204,15,15,16,0
,,,,96,212,198,215,205,15,15,16,0
,,,,97,214,199,216,206,15,15,16,0
,,,,98,216,200,217,207,16,16,17,0
,,,,99,217,201,218,208,16,16,17,0
,,,,100,219,202,219,209,17,17,18,0
,,,,101,221,203,220,210,17,17,18,0
,,,,102,222,204,221,211,18,18,19,0
,,,,103,224,205,222,212,18,18,19,0
,,,,104,226,206,223,213,19,19,20,0
,,,,105,227,206,223,213,19,20,21,0
,,,,106,229,208,225,215,19,20,21,0
,,,,107,231,209,226,216,20,21,23,0
,,,,108,232,210,227,217,21,22,24,0
,,,,109,234,211,228,218,22,23,25,0
,,,,110,236,212,229,219,22,23,25,0
,,,,111,237,213,230,220,23,24,26,0
,,,,112,239,215,232,222,24,25,27,0
,,,,113,241,216,233,223,25,26,28,0
,,,,114,242,217,234,224,25,26,28,0
,,,,115,244,219,236,226,26,27,29,0
,,,,116,246,220,237,227,26,27,29,0
,,,,117,247,222,239,229,27,28,30,0
,,,,118,249,224,241,231,27,28,30,0
,,,,119,250,225,242,232,27,28,30,0
,,,,120,250,227,244,234,27,28,30,0
,,,,121,250,229,246,236,27,28,30,0
,,,,122,250,231,248,238,27,28,30,0
,,,,123,250,233,250,240,27,28,30,0
,,,,124,250,234,251,241,27,28,30,0
,,,,125,250,236,253,243,26,27,29,0
,,,,126,250,238,255,245,25,26,28,0
,,,,127,250,240,257,247,24,25,27,0
2023-12-8T05:45:55Z,start hold,,,,,,,,,,,
,start hold,segment,1,,,,,,,,,
,start hold,hold time,0h0m,,,,,,,,,
,start hold,temp,250,,,,,,,,,
2023-12-8T05:45:55Z,start ramp,,,,,,,,,,,
,start ramp,segment,2,,,,,,,,,
,start ramp,rate,400,,,,,,,,,
,start ramp,temp,1000,,,,,,,,,
,,,,128,249,241,258,248,25,26,28,0
,,,,129,253,243,260,250,25,26,28,0
,,,,130,256,245,262,252,25,26,28,0
,,,,131,259,246,263,253,25,26,28,0
,,,,132,263,248,265,255,25,26,28,0
,,,,133,266,250,267,257,25,26,28,0
,,,,134,269,252,269,259,26,27,29,0
,,,,135,273,253,270,260,26,27,29,0
,,,,136,276,255,272,262,27,28,30,0
,,,,137,279,257,274,264,28,29,31,0
,,,,138,283,259,276,266,29,30,32,0
,,,,139,286,260,277,267,29,30,32,0
,,,,140,289,263,280,270,30,31,33,0
,,,,141,292,264,281,271,31,32,34,0
,,,,142,296,266,283,273,33,34,36,0
,,,,143,299,268,285,275,34,35,37,0
,,,,144,302,271,288,278,35,36,38,0
,,,,145,306,273,290,280,36,37,39,0
,,,,146,309,275,292,282,38,39,41,0
,,,,147,312,277,294,284,38,40,42,0
,,,,148,316,280,297,287,40,42,45,0
,,,,149,319,283,300,290,41,43,46,0
,,,,150,322,285,302,292,43,45,48,0
,,,,151,326,289,306,296,44,46,49,0
,,,,152,329,292,309,299,45,47,50,0
,,,,153,332,295,312,302,46,48,51,0
,,,,154,336,298,315,305,48,50,53,0
,,,,155,339,302,319,309,49,51,54,0
,,,,156,342,305,322,312,50,52,55,0
,,,,157,346,309,326,316,51,53,56,0
,,,,158,349,312,329,319,52,54,57,0
,,,,159,352,316,333,323,52,54,57,0
,,,,160,356,320,337,327,53,55,58,0
,,,,161,359,325,342,332,53,55,58,0
,,,,162,362,329,346,336,54,56,59,0
,,,,163,366,334,351,341,54,56,59,0
,,,,164,369,338,355,345,54,56,59,0
,,,,165,372,342,359,349,54,56,59,0
,,,,166,376,346,363,353,54,56,59,0
,,,,167,379,350,367,357,54,56,59,0
,,,,168,382,356,373,363,52,54,57,0
,,,,169,386,360,377,367,52,54,57,0
,,,,170,389,364,381,371,52,54,57,0
,,,,171,392,368,385,375,52,54,57,0
,,,,172,396,372,389,379,52,54,57,0
,,,,173,399,375,392,382,52,54,57,0
,,,,174,402,379,396,386,51,53,56,0
,,,,175,406,383,400,390,51,53,56,0
,,,,176,409,387,404,394,51,53,56,0
,,,,177,412,390,407,397,51,53,56,0
,,,,178,416,394,411,401,50,52,55,0
,,,,179,419,397,414,404,50,52,55,0
,,,,180,422,401,418,408,50,52,55,0
,,,,181,426,404,421,411,50,52,55,0
,,,,182,429,408,425,415,49,51,54,0
,,,,183,432,411,428,418,49,51,54,0
,,,,184,436,415,432,422,49,51,54,0
,,,,185,439,419,436,426,49,51,54,0
,,,,186,442,422,439,429,49,51,54,0
,,,,187,446,425,442,432,49,51,54,0
,,,,188,449,429,446,436,49,51,54,0
,,,,189,452,432,449,439,49,51,54,0
,,,,190,456,435,452,442,49,51,54,0
,,,,191,459,439,456,446,49,51,54,0
,,,,192,462,442,459,449,49,51,54,0
,,,,193,466,445,462,452,49,51,54,0
,,,,194,469,448,465,455,49,51,54,0
,,,,195,472,451,468,458,49,51,54,0
,,,,196,476,455,472,462,49,51,54,0
,,,,197,479,458,475,465,49,51,54,0
,,,,198,482,461,478,468,49,51,54,0
,,,,199,486,464,481,471,49,51,54,0
,,,,200,489,468,485,475,50,52,55,0
,,,,201,492,471,488,478,50,52,55,0
,,,,202,496,475,492,482,50,52,55,0
,,,,203,499,478,495,485,49,51,54,0
,,,,204,502,481,498,488,50,52,55,0
,,,,205,506,485,502,492,49,51,54,0
,,,,206,509,488,505,495,50,52,55,0
,,,,207,512,491,508,498,50,52,55,0
,,,,208,516,494,511,501,50,52,55,0
,,,,209,519,497,514,504,50,52,55,0
,,,,210,522,501,518,508,50,52,55,0
,,,,211,526,504,521,511,50,52,55,0
,,,,212,529,507,524,514,51,53,56,0
,,,,213,532,510,527,517,51,53,56,0
,,,,214,536,514,531,521,51,53,56,0
,,,,215,539,517,534,524,51,53,56,0
,,,,216,542,520,537,527,52,54,57,0
,,,,217,546,523,540,530,52,54,57,0
,,,,218,549,527,544,534,52,54,57,0
,,,,219,552,530,547,537,52,54,57,0
,,,,220,555,533,550,540,52,54,57,0
,,,,221,559,537,554,544,52,54,57,0
,,,,222,562,540,557,547,52,54,57,0
,,,,223,565,543,560,550,53,55,58,0
,,,,224,569,546,563,553,53,55,58,0
,,,,225,572,550,567,557,53,55,58,0
,,,,226,575,554,571,561,53,55,58,0
,,,,227,579,557,574,564,54,56,59,0
,,,,228,582,561,578,568,53,55,58,0
,,,,229,585,564,581,571,53,55,58,0
,,,,230,589,567,584,574,54,56,59,0
,,,,231,592,571,588,578,54,56,59,0
,,,,232,595,574,591,581,54,56,59,0
,,,,233,599,578,595,585,54,56,59,0
,,,,234,602,581,598,588,55,57,60,0
,,,,235,605,584,601,591,55,57,60,0
,,,,236,609,588,605,595,55,57,60,0
,,,,237,612,591,608,598,55,57,60,0
,,,,238,615,595,612,602,55,57,60,0
,,,,239,619,598,615,605,56,58,61,0
,,,,240,622,601,618,608,55,57,60,0
,,,,241,625,605,622,612,56,58,61,0
,,,,242,629,608,625,615,56,58,61,0
,,,,243,632,611,628,618,56,58,61,0
,,,,244,635,615,632,622,56,58,61,0
,,,,245,639,618,635,625,56,58,61,0
,,,,246,642,621,638,628,57,59,62,0
,,,,247,645,625,642,632,57,59,62,0
,,,,248,649,628,645,635,57,59,62,0
,,,,249,652,631,648,638,57,59,62,0
,,,,250,655,635,652,642,57,59,62,0
,,,,251,659,638,655,645,57,59,62,0
,,,,252,662,642,659,649,57,59,62,0
,,,,253,665,645,662,652,57,60,63,0
,,,,254,669,648,665,655,57,60,63,0
,,,,255,672,652,669,659,57,60,63,0
,,,,256,675,655,672,662,57,60,63,0
,,,,257,679,658,675,665,57,60,63,0
,,,,258,682,662,679,669,57,60,63,0
,,,,259,685,665,682,672,57,60,63,0
,,,,260,689,668,685,675,58,61,65,0
,,,,261,692,672,689,679,58,61,65,0
,,,,262,695,675,692,682,58,61,65,0
,,,,263,699,678,695,685,58,61,65,0
,,,,264,702,682,699,689,58,61,65,0
,,,,265,705,685,702,692,58,61,65,0
,,,,266,709,688,705,695,58,61,65,0
,,,,267,712,692,709,699,58,61,65,0
,,,,268,715,696,713,703,58,61,65,0
,,,,269,719,699,716,706,58,61,65,0
,,,,270,722,703,720,710,58,61,65,0
,,,,271,725,706,723,713,58,61,65,0
,,,,272,729,709,726,716,59,62,66,0
,,,,273,732,713,730,720,59,62,66,0
,,,,274,735,716,733,723,59,62,66,0
,,,,275,739,720,737,727,59,62,66,0
,,,,276,742,723,740,730,60,63,67,0
,,,,277,745,726,743,733,60,63,67,0
,,,,278,749,730,747,737,60,63,67,0
,,,,279,752,733,750,740,60,63,67,0
,,,,280,755,736,753,743,60,63,67,0
,,,,281,759,740,757,747,60,63,67,0
,,,,282,762,743,760,750,60,63,67,0
,,,,283,765,747,764,754,60,63,67,0
,,,,284,769,750,767,757,61,64,68,0
,,,,285,772,753,770,760,60,63,67,0
,,,,286,775,757,774,764,61,64,68,0
,,,,287,779,760,777,767,61,64,68,0
,,,,288,782,763,780,770,61,64,68,0
,,,,289,785,767,784,774,61,64,68,0
,,,,290,789,770,787,777,61,64,68,0
,,,,291,792,774,791,781,61,64,68,0
,,,,292,795,777,794,784,61,64,68,0
,,,,293,799,780,797,787,61,64,68,0
,,,,294,802,784,801,791,61,64,68,0
,,,,295,805,787,804,794,61,64,68,0
,,,,296,809,790,807,797,61,64,68,0
,,,,297,812,794,811,801,61,64,68,0
,,,,298,815,797,814,804,61,64,68,0
,,,,299,819,801,818,808,61,64,68,0
,,,,300,822,804,821,811,60,63,67,0
,,,,301,825,807,824,814,62,65,69,0
,,,,302,828,811,828,818,61,64,68,0
,,,,303,832,814,831,821,62,65,69,0
,,,,304,835,817,834,824,62,65,69,0
,,,,305,838,821,838,828,61,64,68,0
,,,,306,842,824,841,831,61,64,68,0
,,,,307,845,827,844,834,62,65,69,0
,,,,308,848,830,847,837,62,65,69,0
,,,,309,852,834,851,841,62,65,69,0
,,,,310,855,837,854,844,63,66,70,0
,,,,311,858,840,857,847,63,66,70,0
,,,,312,862,844,861,851,63,66,70,0
,,,,313,865,847,864,854,63,66,70,0
,,,,314,868,850,867,857,64,67,71,0
,,,,315,872,854,871,861,64,67,71,0
,,,,316,875,857,874,864,64,67,71,0
,,,,317,878,860,877,867,64,67,71,0
,,,,318,882,864,881,871,65,68,72,0
,,,,319,885,867,884,874,65,68,72,0
,,,,320,888,871,888,878,65,68,72,0
,,,,321,892,874,891,881,65,68,72,0
,,,,322,895,878,895,885,65,68,72,0
,,,,323,898,881,898,888,65,68,72,0
,,,,324,902,884,901,891,65,68,72,0
,,,,325,905,888,905,895,66,69,73,0
,,,,326,908,891,908,898,66,69,73,0
,,,,327,912,894,911,901,66,69,73,0
,,,,328,915,898,915,905,66,69,73,0
,,,,329,918,901,918,908,66,69,73,0
,,,,330,922,905,922,912,66,69,73,0
,,,,331,925,908,925,915,66,69,73,0
,,,,332,928,912,929,919,66,69,73,0
,,,,333,932,915,932,922,66,69,73,0
,,,,334,935,918,935,925,66,69,73,0
,,,,335,938,921,938,928,67,70,74,0
,,,,336,942,925,942,932,66,69,73,0
,,,,337,945,928,945,935,66,69,73,0
,,,,338,948,931,948,938,67,70,74,0
,,,,339,952,935,952,942,67,70,74,0
,,,,340,955,938,955,945,67,70,74,0
,,,,341,958,941,958,948,67,70,74,0
,,,,342,962,945,962,952,67,70,74,0
,,,,343,965,948,965,955,67,70,74,0
,,,,344,968,951,968,958,67,70,74,0
,,,,345,972,956,973,963,66,69,73,0
,,,,346,975,958,975,965,68,71,75,0
,,,,347,978,962,979,969,68,71,75,0
,,,,348,982,965,982,972,67,70,74,0
,,,,349,985,969,986,976,68,71,75,0
,,,,350,988,972,989,979,67,70,74,0
,,,,351,992,975,992,982,68,71,75,0
,,,,352,995,978,995,985,67,70,74,0
,,,,353,998,982,999,989,66,69,73,0
,,,,354,1000,984,1001,991,65,68,72,0
,,,,355,1000,987,1004,994,63,66,70,0
,,,,356,1000,990,1007,997,61,64,68,0
2023-12-8T07:40:21Z,start hold,,,,,,,,,,,
,start hold,segment,2,,,,,,,,,
,start hold,hold time,0h0m,,,,,,,,,
,start hold,temp,1000,,,,,,,,,
2023-12-8T07:40:21Z,start ramp,,,,,,,,,,,
,start ramp,segment,3,,,,,,,,,
,start ramp,rate,180,,,,,,,,,
,start ramp,temp,1150,,,,,,,,,
,,,,357,999,992,1009,999,62,65,69,0
,,,,358,1000,995,1012,1002,62,65,69,0
,,,,359,1002,997,1014,1004,60,63,67,0
,,,,360,1003,999,1016,1006,58,61,65,0
,,,,361,1005,1001,1018,1008,57,59,62,0
,,,,362,1006,1003,1020,1010,56,58,61,0
,,,,363,1008,1005,1022,1012,54,56,59,0
,,,,364,1009,1007,1024,1014,53,55,58,0
,,,,365,1011,1008,1025,1015,52,54,57,0
,,,,366,1012,1010,1027,1017,51,53,56,0
,,,,367,1014,1011,1028,1018,50,52,55,0
,,,,368,1015,1012,1029,1019,49,51,54,0
,,,,369,1017,1013,1030,1020,48,50,53,0
,,,,370,1018,1015,1032,1022,48,50,53,0
,,,,371,1020,1016,1033,1023,47,49,52,0
,,,,372,1021,1017,1034,1024,46,48,51,0
,,,,373,1023,1018,1035,1025,46,48,51,0
,,,,374,1024,1018,1035,1025,46,48,51,0
,,,,375,1026,1019,1036,1026,46,48,51,0
,,,,376,1027,1020,1037,1027,46,48,51,0
,,,,377,1029,1022,1039,1029,46,48,51,0
,,,,378,1030,1022,1039,1029,46,48,51,0
,,,,379,1032,1024,1041,1031,45,47,50,0
,,,,380,1033,1025,1042,1032,45,47,50,0
,,,,381,1035,1026,1043,1033,45,47,50,0
,,,,382,1036,1027,1044,1034,46,48,51,0
,,,,383,1038,1028,1045,1035,46,48,51,0
,,,,384,1039,1029,1046,1036,46,48,51,0
,,,,385,1041,1031,1048,1038,46,48,51,0
,,,,386,1042,1032,1049,1039,47,49,52,0
,,,,387,1044,1033,1050,1040,47,49,52,0
,,,,388,1045,1034,1051,1041,47,49,52,0
,,,,389,1047,1036,1053,1043,47,49,52,0
,,,,390,1048,1037,1054,1044,48,50,53,0
,,,,391,1050,1038,1055,1045,48,50,53,0
,,,,392,1051,1040,1057,1047,48,50,53,0
,,,,393,1053,1041,1058,1048,48,50,53,0
,,,,394,1054,1042,1059,1049,49,51,54,0
,,,,395,1056,1044,1061,1051,49,51,54,0
,,,,396,1057,1045,1062,1052,49,51,54,0
,,,,397,1059,1047,1064,1054,50,52,55,0
,,,,398,1060,1048,1065,1055,50,52,55,0
,,,,399,1062,1050,1067,1057,50,52,55,0
,,,,400,1063,1051,1068,1058,50,52,55,0
,,,,401,1065,1053,1070,1060,51,53,56,0
,,,,402,1066,1054,1071,1061,51,53,56,0
,,,,403,1068,1055,1072,1062,52,54,57,0
,,,,404,1069,1056,1073,1063,52,54,57,0
,,,,405,1071,1058,1075,1065,51,53,56,0
,,,,406,1072,1060,1077,1067,52,54,57,0
,,,,407,1074,1061,1078,1068,52,54,57,0
,,,,408,1075,1063,1080,1070,53,55,58,0
,,,,409,1077,1065,1082,1072,53,55,58,0
,,,,410,1078,1066,1083,1073,52,54,57,0
,,,,411,1080,1068,1085,1075,53,55,58,0
,,,,412,1081,1070,1087,1077,53,55,58,0
,,,,413,1083,1072,1089,1079,53,55,58,0
,,,,414,1084,1073,1090,1080,53,55,58,0
,,,,415,1086,1075,1092,1082,52,54,57,0
,,,,416,1087,1076,1093,1083,53,55,58,0
,,,,417,1089,1078,1095,1085,52,54,57,0
,,,,418,1090,1079,1096,1086,52,54,57,0
,,,,419,1092,1081,1098,1088,52,54,57,0
,,,,420,1093,1082,1099,1089,53,55,58,0
,,,,421,1095,1084,1101,1091,52,54,57,0
,,,,422,1096,1085,1102,1092,52,54,57,0
,,,,423,1098,1087,1104,1094,52,54,57,0
,,,,424,1099,1088,1105,1095,53,55,58,0
,,,,425,1101,1090,1107,1097,52,54,57,0
,,,,426,1102,1091,1108,1098,52,54,57,0
,,,,427,1104,1093,1110,1100,52,54,57,0
,,,,428,1105,1095,1112,1102,53,55,58,0
,,,,429,1107,1096,1113,1103,52,54,57,0
,,,,430,1108,1098,1115,1105,52,54,57,0
,,,,431,1110,1099,1116,1106,52,54,57,0
,,,,432,1111,1100,1117,1107,53,55,58,0
,,,,433,1113,1102,1119,1109,52,54,57,0
,,,,434,1114,1104,1121,1111,52,54,57,0
,,,,435,1116,1105,1122,1112,53,55,58,0
,,,,436,1117,1107,1124,1114,53,55,58,0
,,,,437,1119,1108,1125,1115,53,55,58,0
,,,,438,1120,1110,1127,1117,53,55,58,0
,,,,439,1122,1111,1128,1118,53,55,58,0
,,,,440,1123,1113,1130,1120,53,55,58,0
,,,,441,1125,1114,1131,1121,53,55,58,0
,,,,442,1126,1116,1133,1123,53,55,58,0
,,,,443,1128,1117,1134,1124,53,55,58,0
,,,,444,1129,1119,1136,1126,53,55,58,0
,,,,445,1131,1120,1137,1127,53,55,58,0
,,,,446,1132,1122,1139,1129,53,55,58,0
,,,,447,1134,1123,1140,1130,53,55,58,0
,,,,448,1135,1125,1142,1132,53,55,58,0
,,,,449,1137,1126,1143,1133,53,55,58,0
,,,,450,1138,1128,1145,1135,53,55,58,0
,,,,451,1140,1129,1146,1136,54,56,59,0
,,,,452,1141,1131,1148,1138,53,55,58,0
,,,,453,1143,1132,1149,1139,54,56,59,0
,,,,454,1144,1133,1150,1140,54,56,59,0
,,,,455,1146,1135,1152,1142,54,56,59,0
,,,,456,1147,1137,1154,1144,53,55,58,0
,,,,457,1149,1138,1155,1145,53,55,58,0
,,,,458,1150,1139,1156,1146,52,54,57,0
2023-12-8T08:31:41Z,start hold,,,,,,,,,,,
,start hold,segment,3,,,,,,,,,
,start hold,hold time,0h0m,,,,,,,,,
,start hold,temp,1150,,,,,,,,,
2023-12-8T08:31:41Z,start ramp,,,,,,,,,,,
,start ramp,segment,4,,,,,,,,,
,start ramp,rate,300,,,,,,,,,
,start ramp,temp,1967,,,,,,,,,
,,,,459,1148,1141,1158,1148,53,55,58,0
,,,,460,1150,1142,1159,1149,53,55,58,0
,,,,461,1153,1143,1160,1150,53,55,58,0
,,,,462,1155,1145,1162,1152,53,55,58,0
,,,,463,1158,1146,1163,1153,54,56,59,0
,,,,464,1160,1148,1165,1155,55,57,60,0
,,,,465,1163,1149,1166,1156,56,58,61,0
,,,,466,1165,1151,1168,1158,57,59,62,0
,,,,467,1168,1153,1170,1160,57,60,63,0
,,,,468,1170,1155,1172,1162,58,61,65,0
,,,,469,1173,1157,1174,1164,59,62,66,0
,,,,470,1175,1159,1176,1166,60,63,67,0
,,,,471,1178,1162,1179,1169,61,64,68,0
,,,,472,1180,1164,1181,1171,62,65,69,0
,,,,473,1183,1166,1183,1173,63,66,70,0
,,,,474,1185,1169,1186,1176,64,67,71,0
,,,,475,1188,1171,1188,1178,65,68,72,0
,,,,476,1190,1174,1191,1181,65,68,72,0
,,,,477,1193,1176,1193,1183,66,69,73,0
,,,,478,1195,1179,1196,1186,66,69,73,0
,,,,479,1198,1182,1199,1189,67,70,74,0
,,,,480,1200,1184,1201,1191,67,70,74,0
,,,,481,1203,1187,1204,1194,68,71,75,0
,,,,482,1205,1190,1207,1197,68,71,75,0
,,,,483,1208,1192,1209,1199,69,72,76,0
,,,,484,1210,1195,1212,1202,69,72,76,0
2023-12-8T08:44:17Z,block continue,,,,,,,,,,,
,,,,485,1213,1198,1215,1205,69,72,76,0
,,,,486,1215,1201,1218,1208,70,73,77,0
,,,,487,1218,1203,1220,1210,70,73,77,0
,,,,488,1220,1206,1223,1213,70,73,77,0
,,,,489,1223,1209,1226,1216,70,73,77,0
,,,,490,1225,1212,1229,1219,70,73,77,0
,,,,491,1228,1214,1231,1221,70,73,77,0
,,,,492,1230,1218,1235,1225,70,73,77,0
,,,,493,1233,1220,1237,1227,69,72,76,0
,,,,494,1235,1223,1240,1230,69,72,76,0
,,,,495,1238,1225,1242,1232,69,72,76,0
,,,,496,1240,1228,1245,1235,69,72,76,0
,,,,497,1243,1230,1247,1237,70,73,77,0
,,,,498,1245,1233,1250,1240,70,73,77,0
,,,,499,1248,1235,1252,1242,69,72,76,0
,,,,500,1250,1238,1255,1245,70,73,77,0
,,,,501,1253,1240,1257,1247,70,73,77,0
,,,,502,1255,1243,1260,1250,70,73,77,0
,,,,503,1258,1245,1262,1252,70,73,77,0
,,,,504,1260,1248,1265,1255,70,73,77,0
,,,,505,1263,1250,1267,1257,70,73,77,0
,,,,506,1265,1253,1270,1260,71,74,78,0
,,,,507,1268,1255,1272,1262,71,74,78,0
,,,,508,1270,1258,1275,1265,71,74,78,0
,,,,509,1273,1260,1277,1267,71,74,78,0
,,,,510,1275,1263,1280,1270,71,74,78,0
,,,,511,1278,1266,1283,1273,71,74,78,0
,,,,512,1280,1268,1285,1275,71,74,78,0
,,,,513,1283,1271,1288,1278,72,75,79,0
,,,,514,1285,1273,1290,1280,72,75,79,0
,,,,515,1288,1276,1293,1283,72,75,79,0
,,,,516,1290,1278,1295,1285,72,75,79,0
,,,,517,1293,1281,1298,1288,72,75,79,0
,,,,518,1295,1283,1300,1290,72,75,79,0
,,,,519,1298,1286,1303,1293,72,75,79,0
,,,,520,1300,1288,1305,1295,72,75,79,0
,,,,521,1303,1291,1308,1298,73,76,80,0
,,,,522,1305,1293,1310,1300,72,75,79,0
,,,,523,1308,1296,1313,1303,73,76,80,0
,,,,524,1310,1298,1315,1305,73,76,80,0
,,,,525,1313,1301,1318,1308,73,76,80,0
,,,,526,1315,1303,1320,1310,73,76,80,0
,,,,527,1318,1306,1323,1313,73,76,80,0
,,,,528,1320,1308,1325,1315,73,76,80,0
,,,,529,1323,1311,1328,1318,73,76,80,0
,,,,530,1325,1313,1330,1320,73,76,80,0
,,,,531,1328,1316,1333,1323,73,76,80,0
,,,,532,1330,1319,1336,1326,73,76,80,0
,,,,533,1333,1322,1339,1329,73,76,80,0
,,,,534,1335,1324,1341,1331,73,76,80,0
,,,,535,1338,1326,1343,1333,73,76,80,0
,,,,536,1340,1329,1346,1336,73,76,80,0
,,,,537,1343,1331,1348,1338,74,77,81,0
,,,,538,1345,1333,1350,1340,74,77,81,0
,,,,539,1348,1336,1353,1343,74,77,81,0
,,,,540,1350,1338,1355,1345,74,77,81,0
,,,,541,1353,1341,1358,1348,74,77,81,0
,,,,542,1355,1343,1360,1350,75,78,82,0
,,,,543,1358,1346,1363,1353,75,78,82,0
,,,,544,1360,1348,1365,1355,75,78,82,0
,,,,545,1363,1351,1368,1358,75,78,82,0
,,,,546,1365,1353,1370,1360,75,78,82,0
,,,,547,1368,1356,1373,1363,75,78,82,0
,,,,548,1370,1358,1375,1365,76,79,83,0
,,,,549,1373,1360,1377,1367,76,79,83,0
,,,,550,1375,1363,1380,1370,76,79,83,0
,,,,551,1378,1365,1382,1372,76,79,83,0
,,,,552,1380,1368,1385,1375,76,79,83,0
,,,,553,1383,1371,1388,1378,76,80,84,0
,,,,554,1385,1373,1390,1380,76,79,83,0
,,,,555,1388,1376,1393,1383,76,80,84,0
,,,,556,1390,1378,1395,1385,76,80,84,0
,,,,557,1393,1381,1398,1388,76,80,84,0
,,,,558,1395,1383,1400,1390,76,80,84,0
,,,,559,1398,1387,1404,1394,76,79,83,0
,,,,560,1400,1389,1406,1396,76,79,83,0
,,,,561,1403,1392,1409,1399,76,80,84,0
,,,,562,1405,1394,1411,1401,76,80,84,0
,,,,563,1408,1396,1413,1403,76,80,84,0
,,,,564,1410,1399,1416,1406,76,80,84,0
,,,,565,1413,1401,1418,1408,76,80,84,0
,,,,566,1415,1404,1421,1411,76,80,84,0
,,,,567,1418,1406,1423,1413,76,80,84,0
,,,,568,1420,1409,1426,1416,77,81,86,0
,,,,569,1423,1412,1429,1419,77,81,86,0
,,,,570,1425,1414,1431,1421,77,81,86,0
,,,,571,1428,1416,1433,1423,77,81,86,0
,,,,572,1430,1419,1436,1426,77,81,86,0
,,,,573,1433,1421,1438,1428,77,81,86,0
,,,,574,1435,1424,1441,1431,77,81,86,0
,,,,575,1438,1426,1443,1433,78,82,87,0
,,,,576,1440,1429,1446,1436,78,82,87,0
,,,,577,1443,1431,1448,1438,78,82,87,0
,,,,578,1445,1434,1451,1441,78,82,87,0
,,,,579,1448,1436,1453,1443,78,82,87,0
,,,,580,1450,1439,1456,1446,78,82,87,0
,,,,581,1453,1441,1458,1448,78,82,87,0
,,,,582,1455,1444,1461,1451,78,82,87,0
,,,,583,1457,1447,1464,1454,78,82,87,0
,,,,584,1460,1449,1466,1456,79,83,88,0
,,,,585,1462,1451,1468,1458,79,83,88,0
,,,,586,1465,1454,1471,1461,79,83,88,0
,,,,587,1467,1456,1473,1463,79,83,88,0
,,,,588,1470,1459,1476,1466,79,83,88,0
,,,,589,1472,1461,1478,1468,79,83,88,0
,,,,590,1475,1464,1481,1471,79,83,88,0
,,,,591,1477,1466,1483,1473,80,84,89,0
,,,,592,1480,1469,1486,1476,79,83,88,0
,,,,593,1482,1471,1488,1478,80,84,89,0
,,,,594,1485,1474,1491,1481,80,84,89,0
,,,,595,1487,1476,1493,1483,80,84,89,0
,,,,596,1490,1479,1496,1486,80,84,89,0
,,,,597,1492,1481,1498,1488,80,84,89,0
,,,,598,1495,1483,1500,1490,80,84,89,0
,,,,599,1497,1486,1503,1493,80,84,89,0
,,,,600,1500,1488,1505,1495,80,84,89,0
,,,,601,1502,1491,1508,1498,81,85,90,0
,,,,602,1505,1493,1510,1500,81,85,90,0
,,,,603,1507,1496,1513,1503,81,85,90,0
,,,,604,1510,1498,1515,1505,81,85,90,0
,,,,605,1512,1501,1518,1508,81,85,90,0
,,,,606,1515,1504,1521,1511,82,86,91,0
,,,,607,1517,1507,1524,1514,80,84,89,0
,,,,608,1520,1509,1526,1516,81,85,90,0
,,,,609,1522,1511,1528,1518,82,86,91,0
,,,,610,1525,1514,1531,1521,81,85,90,0
,,,,611,1527,1516,1533,1523,81,85,90,0
,,,,612,1530,1519,1536,1526,81,85,90,0
,,,,613,1532,1521,1538,1528,82,86,91,0
,,,,614,1535,1524,1541,1531,82,86,91,0
,,,,615,1537,1526,1543,1533,82,86,91,0
,,,,616,1540,1528,1545,1535,83,87,92,0
,,,,617,1542,1531,1548,1538,83,87,92,0
,,,,618,1545,1534,1551,1541,83,87,92,0
,,,,619,1547,1536,1553,1543,83,87,92,0
,,,,620,1550,1538,1555,1545,83,87,92,0
,,,,621,1552,1541,1558,1548,84,88,93,0
,,,,622,1555,1544,1561,1551,84,88,93,0
,,,,623,1557,1546,1563,1553,84,88,93,0
,,,,624,1560,1549,1566,1556,84,88,93,0
,,,,625,1562,1551,1568,1558,85,89,94,0
,,,,626,1565,1554,1571,1561,85,89,94,0
,,,,627,1567,1556,1573,1563,85,89,94,0
,,,,628,1570,1559,1576,1566,85,89,94,0
,,,,629,1572,1561,1578,1568,85,89,94,0
,,,,630,1575,1564,1581,1571,86,90,95,0
,,,,631,1577,1566,1583,1573,86,90,95,0
,,,,632,1580,1569,1586,1576,86,90,95,0
,,,,633,1582,1571,1588,1578,86,90,95,0
,,,,634,1585,1574,1591,1581,86,90,95,0
,,,,635,1587,1576,1593,1583,86,90,95,0
,,,,636,1590,1579,1596,1586,86,90,95,0
,,,,637,1592,1582,1599,1589,87,91,96,0
,,,,638,1595,1584,1601,1591,86,90,95,0
,,,,639,1597,1586,1603,1593,87,91,96,0
,,,,640,1600,1589,1606,1596,87,91,96,0
,,,,641,1602,1592,1609,1599,87,91,96,0
,,,,642,1605,1595,1612,1602,86,90,95,0
,,,,643,1607,1597,1614,1604,87,91,96,0
,,,,644,1610,1600,1617,1607,86,90,95,0
,,,,645,1612,1602,1619,1609,86,90,95,0
,,,,646,1615,1605,1622,1612,86,90,95,0
,,,,647,1617,1607,1624,1614,87,91,96,0
,,,,648,1620,1609,1626,1616,87,91,96,0
,,,,649,1622,1612,1629,1619,87,91,96,0
,,,,650,1625,1614,1631,1621,87,91,96,0
,,,,651,1627,1617,1634,1624,87,91,96,0
,,,,652,1630,1619,1636,1626,88,92,97,0
,,,,653,1632,1622,1639,1629,88,92,97,0
,,,,654,1635,1624,1641,1631,88,92,97,0
,,,,655,1637,1626,1643,1633,88,92,97,0
,,,,656,1640,1629,1646,1636,89,93,98,0
,,,,657,1642,1631,1648,1638,89,93,98,0
,,,,658,1645,1634,1651,1641,89,93,98,0
,,,,659,1647,1636,1653,1643,89,93,98,0
,,,,660,1650,1639,1656,1646,90,94,99,0
,,,,661,1652,1641,1658,1648,90,94,99,0
,,,,662,1655,1644,1661,1651,90,94,99,0
,,,,663,1657,1646,1663,1653,90,94,99,0
,,,,664,1660,1649,1666,1656,90,94,99,0
,,,,665,1662,1651,1668,1658,91,95,100,0
,,,,666,1665,1655,1672,1662,91,95,100,0
,,,,667,1667,1657,1674,1664,91,95,100,0
,,,,668,1670,1660,1677,1667,90,94,99,0
,,,,669,1672,1662,1679,1669,90,94,99,0
,,,,670,1675,1665,1682,1672,90,94,99,0
,,,,671,1677,1667,1684,1674,90,94,99,0
,,,,672,1680,1669,1686,1676,91,95,100,0
,,,,673,1682,1672,1689,1679,91,95,100,0
,,,,674,1685,1675,1692,1682,91,95,100,0
,,,,675,1687,1677,1694,1684,91,95,100,0
,,,,676,1690,1680,1697,1687,91,95,100,0
,,,,677,1692,1682,1699,1689,91,95,100,0
,,,,678,1695,1684,1701,1691,93,97,102,0
,,,,679,1697,1687,1704,1694,93,97,102,0
,,,,680,1700,1689,1706,1696,93,97,102,0
,,,,681,1702,1692,1709,1699,93,97,102,0
,,,,682,1705,1695,1712,1702,93,97,102,0
,,,,683,1707,1697,1714,1704,93,97,102,0
,,,,684,1710,1699,1716,1706,93,97,102,0
,,,,685,1712,1702,1719,1709,93,97,102,0
,,,,686,1715,1704,1721,1711,94,98,103,0
,,,,687,1717,1707,1724,1714,94,98,103,0
,,,,688,1720,1709,1726,1716,94,98,103,0
,,,,689,1722,1712,1729,1719,94,98,103,0
,,,,690,1725,1714,1731,1721,94,98,103,0
,,,,691,1727,1717,1734,1724,95,99,104,0
,,,,692,1730,1720,1737,1727,94,98,103,0
,,,,693,1732,1722,1739,1729,95,99,104,0
,,,,694,1735,1725,1742,1732,95,99,104,0
,,,,695,1737,1727,1744,1734,95,99,104,0
,,,,696,1740,1730,1747,1737,95,99,104,0
,,,,697,1742,1732,1749,1739,95,99,104,0
,,,,698,1745,1735,1752,1742,95,99,104,0
,,,,699,1747,1737,1754,1744,95,99,104,0
,,,,700,1750,1740,1757,1747,95,99,104,0
,,,,701,1752,1742,1759,1749,95,99,104,0
,,,,702,1755,1744,1761,1751,95,99,104,0
,,,,703,1757,1747,1764,1754,95,100,105,0
,,,,704,1760,1749,1766,1756,95,99,104,0
,,,,705,1762,1752,1769,1759,95,99,104,0
,,,,706,1765,1754,1771,1761,95,100,105,0
,,,,707,1767,1756,1773,1763,95,100,105,0
,,,,708,1770,1759,1776,1766,95,100,105,0
,,,,709,1772,1761,1778,1768,95,99,104,0
,,,,710,1775,1764,1781,1771,95,100,105,0
,,,,711,1777,1766,1783,1773,95,99,104,0
,,,,712,1780,1768,1785,1775,95,99,104,0
,,,,713,1782,1770,1787,1777,95,99,104,0
,,,,714,1785,1773,1790,1780,95,100,105,0
,,,,715,1787,1776,1793,1783,95,100,105,0
,,,,716,1790,1778,1795,1785,95,99,104,0
,,,,717,1792,1780,1797,1787,95,100,105,0
,,,,718,1795,1783,1800,1790,95,100,105,0
,,,,719,1797,1785,1802,1792,95,99,104,0
,,,,720,1800,1787,1804,1794,95,99,104,0
,,,,721,1802,1789,1806,1796,95,99,104,0
,,,,722,1805,1792,1809,1799,95,100,105,0
,,,,723,1807,1794,1811,1801,95,100,105,0
,,,,724,1810,1796,1813,1803,95,100,105,0
,,,,725,1812,1798,1815,1805,95,100,105,0
,,,,726,1815,1800,1817,1807,95,100,105,0
,,,,727,1817,1802,1819,1809,95,100,105,0
,,,,728,1820,1804,1821,1811,95,100,105,0
,,,,729,1822,1807,1824,1814,95,100,105,0
,,,,730,1825,1809,1826,1816,95,100,105,0
,,,,731,1827,1811,1828,1818,95,100,105,0
,,,,732,1830,1813,1830,1820,95,100,105,0
,,,,733,1832,1815,1832,1822,95,100,105,0
,,,,734,1835,1817,1834,1824,95,100,105,0
,,,,735,1837,1819,1836,1826,95,100,105,0
,,,,736,1840,1821,1838,1828,95,100,105,0
,,,,737,1842,1823,1840,1830,95,100,105,0
,,,,738,1845,1825,1842,1832,95,100,105,0
,,,,739,1847,1827,1844,1834,95,100,105,0
,,,,740,1850,1829,1846,1836,95,100,105,0
,,,,741,1852,1831,1848,1838,95,100,105,0
,,,,742,1855,1833,1850,1840,95,100,105,0
,,,,743,1857,1835,1852,1842,95,100,105,0
,,,,744,1860,1837,1854,1844,95,100,105,0
,,,,745,1862,1839,1856,1846,95,100,105,0
,,,,746,1864,1843,1860,1850,95,100,105,0
,,,,747,1867,1843,1860,1850,95,100,105,0
,,,,748,1869,1846,1863,1853,95,100,105,0
,,,,749,1872,1848,1865,1855,95,100,105,0
,,,,750,1874,1850,1867,1857,95,100,105,0
,,,,751,1877,1852,1869,1859,95,100,105,0
,,,,752,1879,1854,1871,1861,95,100,105,0
,,,,753,1882,1856,1873,1863,95,100,105,0
,,,,754,1884,1858,1875,1865,95,100,105,0
,,,,755,1887,1860,1877,1867,95,100,105,0
,,,,756,1889,1861,1878,1868,95,100,105,0
,,,,757,1892,1863,1880,1870,95,100,105,0
,,,,758,1894,1865,1882,1872,95,100,105,0
,,,,759,1897,1867,1884,1874,95,100,105,0
,,,,760,1899,1869,1886,1876,95,100,105,0
,,,,761,1902,1871,1888,1878,95,100,105,0
,,,,762,1904,1872,1889,1879,95,100,105,0
,,,,763,1907,1874,1891,1881,95,100,105,0
,,,,764,1909,1876,1893,1883,95,100,105,0
,,,,765,1912,1878,1895,1885,95,100,105,0
,,,,766,1914,1880,1897,1887,95,100,105,0
,,,,767,1917,1881,1898,1888,95,100,105,0
,,,,768,1919,1883,1900,1890,95,100,105,0
,,,,769,1922,1885,1902,1892,95,100,105,0
,,,,770,1924,1887,1904,1894,95,100,105,0
,,,,771,1927,1888,1905,1895,95,100,105,0
,,,,772,1929,1890,1907,1897,95,100,105,0
,,,,773,1932,1892,1909,1899,95,100,105,0
,,,,774,1934,1894,1911,1901,95,100,105,0
,,,,775,1937,1895,1912,1902,95,100,105,0
,,,,776,1939,1897,1914,1904,95,100,105,0
,,,,777,1942,1899,1916,1906,95,100,105,0
,,,,778,1944,1900,1917,1907,95,100,105,0
,,,,779,1947,1902,1919,1909,95,100,105,0
,,,,780,1949,1904,1921,1911,95,100,105,0
,,,,781,1952,1906,1923,1913,95,100,105,0
,,,,782,1954,1908,1925,1915,95,100,105,0
,,,,783,1957,1910,1927,1917,95,100,105,0
,,,,784,1959,1911,1928,1918,95,100,105,0
,,,,785,1962,1913,1930,1920,95,100,105,0
,,,,786,1964,1914,1931,1921,95,100,105,0
,,,,787,1967,1916,1933,1923,95,100,105,0
,,,,788,1967,1918,1935,1925,95,100,105,0
,,,,789,1967,1919,1936,1926,95,100,105,0
,,,,790,1967,1921,1938,1928,95,100,105,0
,,,,791,1967,1922,1939,1929,95,100,105,0
,,,,792,1967,1924,1941,1931,95,100,105,0
,,,,793,1967,1926,1943,1933,95,100,105,0
,,,,794,1967,1927,1944,1934,95,100,105,0
,,,,795,1967,1929,1946,1936,95,100,105,0
,,,,796,1967,1931,1948,1938,95,100,105,0
,,,,797,1967,1933,1950,1940,95,100,105,0
,,,,798,1967,1934,1951,1941,95,100,105,0
,,,,799,1967,1936,1953,1943,95,100,105,0
,,,,800,1967,1937,1954,1944,95,100,105,0
,,,,801,1967,1939,1956,1946,95,100,105,0
,,,,802,1967,1940,1957,1947,95,100,105,0
,,,,803,1967,1942,1959,1949,95,100,105,0
,,,,804,1967,1943,1960,1950,95,100,105,0
,,,,805,1967,1945,1962,1952,95,100,105,0
,,,,806,1967,1946,1963,1953,95,100,105,0
,,,,807,1967,1947,1964,1954,95,100,105,0
,,,,808,1967,1949,1966,1956,95,100,105,0
,,,,809,1967,1951,1968,1958,95,100,105,0
,,,,810,1967,1952,1969,1959,95,99,104,0
,,,,811,1967,1953,1970,1960,95,99,104,0
,,,,812,1967,1955,1972,1962,95,99,104,0
,,,,813,1967,1956,1973,1963,95,99,104,0
,,,,814,1967,1957,1974,1964,94,98,103,0
2023-12-8T11:29:29Z,start hold,,,,,,,,,,,
,start hold,segment,4,,,,,,,,,
,start hold,hold time,0h0m,,,,,,,,,
,start hold,temp,1967,,,,,,,,,
2023-12-8T11:29:29Z,start ramp,,,,,,,,,,,
,start ramp,segment,5,,,,,,,,,
,start ramp,rate,135,,,,,,,,,
,start ramp,temp,2160,,,,,,,,,
,,,,815,1965,1958,1975,1965,95,99,104,0
,,,,816,1966,1960,1977,1967,95,99,104,0
,,,,817,1968,1961,1978,1968,94,98,103,0
,,,,818,1969,1962,1979,1969,94,98,103,0
,,,,819,1970,1964,1981,1971,92,96,101,0
,,,,820,1971,1964,1981,1971,93,97,102,0
,,,,821,1972,1967,1984,1974,90,94,99,0
,,,,822,1973,1966,1983,1973,92,96,101,0
,,,,823,1974,1968,1985,1975,89,93,98,0
,,,,824,1975,1969,1986,1976,90,94,99,0
,,,,825,1977,1970,1987,1977,90,94,99,0
,,,,826,1978,1971,1988,1978,90,94,99,0
,,,,827,1979,1972,1989,1979,90,94,99,0
,,,,828,1980,1973,1990,1980,90,94,99,0
,,,,829,1981,1974,1991,1981,89,93,98,0
,,,,830,1982,1974,1991,1981,90,94,99,0
,,,,831,1983,1975,1992,1982,90,94,99,0
,,,,832,1984,1976,1993,1983,90,94,99,0
,,,,833,1986,1977,1994,1984,90,94,99,0
,,,,834,1987,1978,1995,1985,91,95,100,0
,,,,835,1988,1979,1996,1986,91,95,100,0
,,,,836,1989,1980,1997,1987,91,95,100,0
,,,,837,1990,1981,1998,1988,92,96,101,0
,,,,838,1991,1982,1999,1989,92,96,101,0
,,,,839,1992,1983,2000,1990,92,96,101,0
,,,,840,1993,1985,2002,1992,92,96,101,0
,,,,841,1995,1986,2003,1993,92,96,101,0
,,,,842,1996,1987,2004,1994,93,97,102,0
,,,,843,1997,1988,2005,1995,93,97,102,0
,,,,844,1998,1989,2006,1996,93,97,102,0
,,,,845,1999,1990,2007,1997,93,97,102,0
,,,,846,2000,1991,2008,1998,93,97,102,0
,,,,847,2001,1993,2010,2000,93,97,102,0
,,,,848,2002,1994,2011,2001,93,97,102,0
,,,,849,2004,1995,2012,2002,93,97,102,0
,,,,850,2005,1996,2013,2003,94,98,103,0
,,,,851,2006,1997,2014,2004,94,98,103,0
,,,,852,2007,1998,2015,2005,94,98,103,0
,,,,853,2008,2000,2017,2007,94,98,103,0
,,,,854,2009,2001,2018,2008,94,98,103,0
,,,,855,2010,2002,2019,2009,94,98,103,0
,,,,856,2011,2003,2020,2010,93,97,102,0
,,,,857,2013,2004,2021,2011,94,98,103,0
,,,,858,2014,2005,2022,2012,94,98,103,0
,,,,859,2015,2007,2024,2014,94,98,103,0
,,,,860,2016,2008,2025,2015,94,98,103,0
,,,,861,2017,2009,2026,2016,94,98,103,0
,,,,862,2018,2010,2027,2017,94,98,103,0
,,,,863,2019,2011,2028,2018,94,98,103,0
,,,,864,2020,2012,2029,2019,94,98,103,0
,,,,865,2022,2014,2031,2021,94,98,103,0
,,,,866,2023,2014,2031,2021,94,98,103,0
,,,,867,2024,2016,2033,2023,94,98,103,0
,,,,868,2025,2018,2035,2025,93,97,102,0
,,,,869,2026,2018,2035,2025,93,97,102,0
,,,,870,2027,2019,2036,2026,93,97,102,0
,,,,871,2028,2020,2037,2027,93,97,102,0
,,,,872,2029,2021,2038,2028,93,97,102,0
,,,,873,2031,2022,2039,2029,93,97,102,0
,,,,874,2032,2023,2040,2030,94,98,103,0
,,,,875,2033,2024,2041,2031,94,98,103,0
,,,,876,2034,2025,2042,2032,94,98,103,0
,,,,877,2035,2026,2043,2033,94,98,103,0
,,,,878,2036,2027,2044,2034,94,98,103,0
,,,,879,2037,2029,2046,2036,95,99,104,0
,,,,880,2038,2030,2047,2037,95,99,104,0
,,,,881,2039,2031,2048,2038,95,99,104,0
,,,,882,2041,2032,2049,2039,95,99,104,0
,,,,883,2042,2033,2050,2040,95,99,104,0
,,,,884,2043,2034,2051,2041,95,99,104,0
,,,,885,2044,2035,2052,2042,95,99,104,0
,,,,886,2045,2036,2053,2043,95,99,104,0
,,,,887,2046,2037,2054,2044,95,100,105,0
,,,,888,2047,2039,2056,2046,95,99,104,0
,,,,889,2048,2040,2057,2047,95,99,104,0
,,,,890,2050,2041,2058,2048,95,100,105,0
,,,,891,2051,2042,2059,2049,95,100,105,0
,,,,892,2052,2043,2060,2050,95,99,104,0
,,,,893,2053,2044,2061,2051,95,99,104,0
,,,,894,2054,2045,2062,2052,95,99,104,0
,,,,895,2055,2046,2063,2053,95,100,105,0
,,,,896,2056,2047,2064,2054,95,100,105,0
,,,,897,2057,2048,2065,2055,95,99,104,0
,,,,898,2059,2049,2066,2056,95,99,104,0
,,,,899,2060,2051,2068,2058,95,99,104,0
,,,,900,2061,2052,2069,2059,95,99,104,0
,,,,901,2062,2053,2070,2060,95,100,105,0
,,,,902,2063,2054,2071,2061,95,100,105,0
,,,,903,2064,2055,2072,2062,95,99,104,0
,,,,904,2065,2056,2073,2063,95,100,105,0
,,,,905,2066,2057,2074,2064,95,99,104,0
,,,,906,2068,2058,2075,2065,95,100,105,0
,,,,907,2069,2059,2076,2066,95,100,105,0
,,,,908,2070,2060,2077,2067,95,99,104,0
,,,,909,2071,2061,2078,2068,95,99,104,0
,,,,910,2072,2062,2079,2069,95,100,105,0
,,,,911,2073,2063,2080,2070,95,100,105,0
,,,,912,2074,2064,2081,2071,95,100,105,0
,,,,913,2075,2065,2082,2072,95,100,105,0
,,,,914,2077,2067,2084,2074,95,100,105,0
,,,,915,2078,2067,2084,2074,95,100,105,0
,,,,916,2079,2068,2085,2075,94,98,103,0
,,,,917,2080,2070,2087,2077,94,98,103,0
,,,,918,2081,2071,2088,2078,95,99,104,0
,,,,919,2082,2072,2089,2079,95,100,105,0
,,,,920,2083,2073,2090,2080,95,100,105,0
,,,,921,2084,2074,2091,2081,95,100,105,0
,,,,922,2086,2075,2092,2082,95,100,105,0
,,,,923,2087,2076,2093,2083,95,100,105,0
,,,,924,2088,2076,2093,2083,95,99,104,0
,,,,925,2089,2077,2094,2084,95,100,105,0
,,,,926,2090,2078,2095,2085,95,100,105,0
,,,,927,2091,2079,2096,2086,95,99,104,0
,,,,928,2092,2080,2097,2087,95,100,105,0
,,,,929,2093,2081,2098,2088,95,100,105,0
,,,,930,2095,2082,2099,2089,95,100,105,0
,,,,931,2096,2083,2100,2090,95,100,105,0
,,,,932,2097,2084,2101,2091,95,100,105,0
,,,,933,2098,2085,2102,2092,95,100,105,0
,,,,934,2099,2085,2102,2092,95,100,105,0
,,,,935,2100,2086,2103,2093,95,100,105,0
,,,,936,2101,2087,2104,2094,95,100,105,0
,,,,937,2102,2088,2105,2095,95,100,105,0
,,,,938,2104,2089,2106,2096,95,100,105,0
,,,,939,2105,2090,2107,2097,95,100,105,0
,,,,940,2106,2091,2108,2098,95,100,105,0
,,,,941,2107,2091,2108,2098,95,100,105,0
,,,,942,2108,2092,2109,2099,95,100,105,0
,,,,943,2109,2093,2110,2100,95,100,105,0
,,,,944,2110,2094,2111,2101,95,100,105,0
,,,,945,2111,2095,2112,2102,95,100,105,0
,,,,946,2113,2096,2113,2103,95,100,105,0
,,,,947,2114,2096,2113,2103,95,100,105,0
,,,,948,2115,2097,2114,2104,95,100,105,0
,,,,949,2116,2098,2115,2105,95,100,105,0
,,,,950,2117,2099,2116,2106,95,100,105,0
,,,,951,2118,2100,2117,2107,95,100,105,0
,,,,952,2119,2101,2118,2108,95,100,105,0
,,,,953,2120,2101,2118,2108,95,100,105,0
,,,,954,2122,2102,2119,2109,95,100,105,0
,,,,955,2123,2103,2120,2110,95,100,105,0
,,,,956,2124,2104,2121,2111,95,100,105,0
,,,,957,2125,2104,2121,2111,95,100,105,0
,,,,958,2126,2105,2122,2112,95,100,105,0
,,,,959,2127,2106,2123,2113,95,100,105,0
,,,,960,2128,2107,2124,2114,95,100,105,0
,,,,961,2129,2108,2125,2115,95,100,105,0
,,,,962,2131,2108,2125,2115,95,100,105,0
,,,,963,2132,2109,2126,2116,95,100,105,0
,,,,964,2133,2110,2127,2117,95,100,105,0
,,,,965,2134,2111,2128,2118,95,100,105,0
,,,,966,2135,2111,2128,2118,95,100,105,0
,,,,967,2136,2112,2129,2119,95,100,105,0
,,,,968,2137,2113,2130,2120,95,100,105,0
,,,,969,2138,2114,2131,2121,95,100,105,0
,,,,970,2139,2114,2131,2121,95,100,105,0
,,,,971,2141,2115,2132,2122,95,100,105,0
,,,,972,2142,2116,2133,2123,95,100,105,0
,,,,973,2143,2117,2134,2124,95,100,105,0
,,,,974,2144,2117,2134,2124,95,100,105,0
,,,,975,2145,2118,2135,2125,95,100,105,0
,,,,976,2146,2118,2135,2125,95,100,105,0
,,,,977,2147,2119,2136,2126,95,100,105,0
,,,,978,2148,2120,2137,2127,95,100,105,0
,,,,979,2150,2122,2139,2129,95,99,104,0
,,,,980,2151,2122,2139,2129,95,100,105,0
,,,,981,2152,2123,2140,2130,95,100,105,0
,,,,982,2153,2123,2140,2130,95,100,105,0
,,,,983,2154,2124,2141,2131,95,100,105,0
,,,,984,2155,2125,2142,2132,95,100,105,0
,,,,985,2156,2125,2142,2132,95,100,105,0
,,,,986,2157,2126,2143,2133,95,100,105,0
,,,,987,2159,2127,2144,2134,95,100,105,0
,,,,988,2160,2127,2144,2134,95,100,105,0
,,,,989,2160,2128,2145,2135,95,100,105,0
,,,,990,2160,2129,2146,2136,95,100,105,0
,,,,991,2160,2129,2146,2136,95,100,105,0
2023-12-8T12:57:54Z,block continue,,,,,,,,,,,
,,,,992,2160,2130,2147,2137,95,100,105,0
,,,,993,2160,2130,2147,2137,95,100,105,0
,,,,994,2160,2131,2148,2138,95,100,105,0
,,,,995,2160,2132,2149,2139,95,100,105,0
,,,,996,2160,2132,2149,2139,95,100,105,0
,,,,997,2160,2133,2150,2140,95,100,105,0
,,,,998,2160,2133,2150,2140,95,100,105,0
,,,,999,2160,2134,2151,2141,95,100,105,0
,,,,1000,2160,2134,2151,2141,95,100,105,0
,,,,1001,2160,2135,2152,2142,95,100,105,0
,,,,1002,2160,2135,2152,2142,95,100,105,0
,,,,1003,2160,2136,2153,2143,95,100,105,0
,,,,1004,2160,2137,2154,2144,95,100,105,0
,,,,1005,2160,2137,2154,2144,95,100,105,0
,,,,1006,2160,2138,2155,2145,95,100,105,0
,,,,1007,2160,2138,2155,2145,95,99,104,0
,,,,1008,2160,2139,2156,2146,95,100,105,0
,,,,1009,2160,2139,2156,2146,95,100,105,0
,,,,1010,2160,2140,2157,2147,95,100,105,0
,,,,1011,2160,2141,2158,2148,95,100,105,0
,,,,1012,2160,2141,2158,2148,95,100,105,0
,,,,1013,2160,2141,2158,2148,95,100,105,0
,,,,1014,2160,2142,2159,2149,95,100,105,0
,,,,1015,2160,2143,2160,2150,95,100,105,0
,,,,1016,2160,2143,2160,2150,95,100,105,0
,,,,1017,2160,2143,2160,2150,95,100,105,0
,,,,1018,2160,2144,2161,2151,95,100,105,0
,,,,1019,2160,2145,2162,2152,95,100,105,0
,,,,1020,2160,2145,2162,2152,95,100,105,0
,,,,1021,2160,2146,2163,2153,95,100,105,0
,,,,1022,2160,2146,2163,2153,95,100,105,0
,,,,1023,2160,2146,2163,2153,95,100,105,0
,,,,1024,2160,2147,2164,2154,95,100,105,0
,,,,1025,2160,2148,2165,2155,95,100,105,0
,,,,1026,2160,2148,2165,2155,95,100,105,0
,,,,1027,2160,2148,2165,2155,95,100,105,0
,,,,1028,2160,2149,2166,2156,95,100,105,0
,,,,1029,2160,2149,2166,2156,95,100,105,0
,,,,1030,2160,2150,2167,2157,95,99,104,0
2023-12-8T13:17:35Z,start hold,,,,,,,,,,,
,start hold,segment,5,,,,,,,,,
,start hold,hold time,0h5m,,,,,,,,,
,start hold,temp,2160,,,,,,,,,
,,,,1031,2160,2150,2167,2157,95,99,104,0
,,,,1032,2160,2152,2169,2159,93,97,102,0
,,,,1033,2160,2152,2169,2159,94,98,103,0
,,,,1034,2160,2152,2169,2159,93,97,102,0
,,,,1035,2160,2153,2170,2160,93,97,102,0
,,,,1036,2160,2153,2170,2160,93,97,102,0
,,,,1037,2160,2153,2170,2160,93,97,102,0
,,,,1038,2160,2153,2170,2160,92,96,101,0
,,,,1039,2160,2154,2171,2161,92,96,101,0
2023-12-8T13:21:56Z,start ramp,,,,,,,,,,,
,start ramp,segment,6,,,,,,,,,
,start ramp,rate,125,,,,,,,,,
,start ramp,temp,1900,,,,,,,,,
,,,,1040,2159,2154,2171,2161,89,93,98,0
,,,,1041,2158,2153,2170,2160,88,92,97,0
,,,,1042,2157,2153,2170,2160,86,90,95,0
,,,,1043,2156,2153,2170,2160,84,88,93,0
,,,,1044,2155,2152,2169,2159,83,87,92,0
,,,,1045,2154,2151,2168,2158,81,85,90,0
,,,,1046,2153,2151,2168,2158,80,84,89,0
,,,,1047,2152,2150,2167,2157,78,82,87,0
,,,,1048,2151,2149,2166,2156,77,81,86,0
,,,,1049,2150,2148,2165,2155,76,79,83,0
,,,,1050,2149,2147,2164,2154,75,78,82,0
,,,,1051,2148,2146,2163,2153,74,77,81,0
,,,,1052,2147,2144,2161,2151,72,75,79,0
,,,,1053,2146,2143,2160,2150,72,75,79,0
,,,,1054,2145,2142,2159,2149,71,74,78,0
,,,,1055,2144,2141,2158,2148,71,74,78,0
,,,,1056,2143,2139,2156,2146,70,73,77,0
,,,,1057,2142,2138,2155,2145,69,72,76,0
,,,,1058,2141,2136,2153,2143,69,72,76,0
,,,,1059,2140,2135,2152,2142,69,72,76,0
,,,,1060,2139,2134,2151,2141,69,72,76,0
,,,,1061,2138,2132,2149,2139,69,72,76,0
,,,,1062,2137,2131,2148,2138,69,72,76,0
,,,,1063,2136,2130,2147,2137,69,72,76,0
,,,,1064,2135,2129,2146,2136,69,72,76,0
,,,,1065,2133,2127,2144,2134,69,72,76,0
,,,,1066,2132,2126,2143,2133,70,73,77,0
,,,,1067,2131,2125,2142,2132,70,73,77,0
,,,,1068,2130,2124,2141,2131,70,73,77,0
,,,,1069,2129,2123,2140,2130,70,73,77,0
,,,,1070,2128,2121,2138,2128,73,76,80,0
,,,,1071,2127,2121,2138,2128,71,74,78,0
,,,,1072,2126,2119,2136,2126,72,75,79,0
,,,,1073,2125,2118,2135,2125,73,76,80,0
,,,,1074,2124,2117,2134,2124,73,76,80,0
,,,,1075,2123,2116,2133,2123,73,76,80,0
,,,,1076,2122,2115,2132,2122,73,76,80,0
,,,,1077,2121,2114,2131,2121,72,75,79,0
,,,,1078,2120,2113,2130,2120,72,75,79,0
,,,,1079,2119,2112,2129,2119,72,75,79,0
,,,,1080,2118,2112,2129,2119,72,75,79,0
,,,,1081,2117,2111,2128,2118,72,75,79,0
,,,,1082,2116,2110,2127,2117,72,75,79,0
,,,,1083,2115,2109,2126,2116,71,74,78,0
,,,,1084,2114,2108,2125,2115,71,74,78,0
,,,,1085,2113,2107,2124,2114,71,74,78,0
,,,,1086,2112,2106,2123,2113,70,73,77,0
,,,,1087,2111,2105,2122,2112,70,73,77,0
,,,,1088,2110,2104,2121,2111,69,72,76,0
,,,,1089,2109,2103,2120,2110,70,73,77,0
,,,,1090,2107,2102,2119,2109,69,72,76,0
,,,,1091,2106,2101,2118,2108,69,72,76,0
,,,,1092,2105,2100,2117,2107,69,72,76,0
,,,,1093,2104,2099,2116,2106,69,72,76,0
,,,,1094,2103,2098,2115,2105,69,72,76,0
,,,,1095,2102,2097,2114,2104,69,72,76,0
,,,,1096,2101,2095,2112,2102,68,71,75,0
,,,,1097,2100,2094,2111,2101,68,71,75,0
,,,,1098,2099,2093,2110,2100,68,71,75,0
,,,,1099,2098,2092,2109,2099,68,71,75,0
,,,,1100,2097,2091,2108,2098,67,70,74,0
,,,,1101,2096,2090,2107,2097,68,71,75,0
,,,,1102,2095,2089,2106,2096,67,70,74,0
,,,,1103,2094,2088,2105,2095,67,70,74,0
,,,,1104,2093,2087,2104,2094,67,70,74,0
,,,,1105,2092,2086,2103,2093,68,71,75,0
,,,,1106,2091,2085,2102,2092,67,70,74,0
,,,,1107,2090,2084,2101,2091,67,70,74,0
,,,,1108,2089,2083,2100,2090,67,70,74,0
,,,,1109,2088,2082,2099,2089,67,70,74,0
,,,,1110,2087,2081,2098,2088,67,70,74,0
,,,,1111,2086,2079,2096,2086,67,70,74,0
,,,,1112,2085,2078,2095,2085,67,70,74,0
,,,,1113,2084,2078,2095,2085,67,70,74,0
,,,,1114,2083,2077,2094,2084,67,70,74,0
,,,,1115,2081,2075,2092,2082,66,69,73,0
,,,,1116,2080,2074,2091,2081,67,70,74,0
,,,,1117,2079,2072,2089,2079,69,72,76,0
,,,,1118,2078,2071,2088,2078,68,71,75,0
,,,,1119,2077,2071,2088,2078,68,71,75,0
,,,,1120,2076,2070,2087,2077,68,71,75,0
,,,,1121,2075,2069,2086,2076,68,71,75,0
,,,,1122,2074,2068,2085,2075,68,71,75,0
,,,,1123,2073,2067,2084,2074,68,71,75,0
,,,,1124,2072,2066,2083,2073,68,71,75,0
,,,,1125,2071,2065,2082,2072,67,70,74,0
,,,,1126,2070,2064,2081,2071,67,70,74,0
,,,,1127,2069,2063,2080,2070,67,70,74,0
,,,,1128,2068,2062,2079,2069,67,70,74,0
,,,,1129,2067,2061,2078,2068,66,69,73,0
,,,,1130,2066,2060,2077,2067,66,69,73,0
,,,,1131,2065,2059,2076,2066,66,69,73,0
,,,,1132,2064,2058,2075,2065,66,69,73,0
,,,,1133,2063,2057,2074,2064,66,69,73,0
,,,,1134,2062,2056,2073,2063,65,68,72,0
,,,,1135,2061,2055,2072,2062,65,68,72,0
,,,,1136,2060,2054,2071,2061,65,68,72,0
,,,,1137,2059,2053,2070,2060,65,68,72,0
,,,,1138,2058,2052,2069,2059,65,68,72,0
,,,,1139,2056,2051,2068,2058,65,68,72,0
,,,,1140,2055,2050,2067,2057,65,68,72,0
,,,,1141,2054,2049,2066,2056,65,68,72,0
,,,,1142,2053,2048,2065,2055,65,68,72,0
,,,,1143,2052,2046,2063,2053,65,68,72,0
,,,,1144,2051,2046,2063,2053,64,67,71,0
,,,,1145,2050,2044,2061,2051,65,68,72,0
,,,,1146,2049,2043,2060,2050,64,67,71,0
,,,,1147,2048,2042,2059,2049,64,67,71,0
,,,,1148,2047,2041,2058,2048,64,67,71,0
,,,,1149,2046,2040,2057,2047,64,67,71,0
,,,,1150,2045,2039,2056,2046,64,67,71,0
,,,,1151,2044,2038,2055,2045,64,67,71,0
,,,,1152,2043,2037,2054,2044,64,67,71,0
,,,,1153,2042,2036,2053,2043,64,67,71,0
,,,,1154,2041,2035,2052,2042,64,67,71,0
,,,,1155,2040,2034,2051,2041,63,66,70,0
,,,,1156,2039,2033,2050,2040,64,67,71,0
,,,,1157,2038,2032,2049,2039,63,66,70,0
,,,,1158,2037,2031,2048,2038,63,66,70,0
,,,,1159,2036,2029,2046,2036,64,67,71,0
,,,,1160,2035,2028,2045,2035,64,67,71,0
,,,,1161,2034,2028,2045,2035,63,66,70,0
,,,,1162,2033,2027,2044,2034,63,66,70,0
,,,,1163,2032,2026,2043,2033,63,66,70,0
,,,,1164,2030,2024,2041,2031,63,66,70,0
,,,,1165,2029,2023,2040,2030,64,67,71,0
,,,,1166,2028,2022,2039,2029,65,68,72,0
,,,,1167,2027,2021,2038,2028,64,67,71,0
,,,,1168,2026,2020,2037,2027,64,67,71,0
,,,,1169,2025,2019,2036,2026,63,66,70,0
,,,,1170,2024,2018,2035,2025,63,66,70,0
,,,,1171,2023,2017,2034,2024,63,66,70,0
,,,,1172,2022,2016,2033,2023,63,66,70,0
,,,,1173,2021,2015,2032,2022,63,66,70,0
,,,,1174,2020,2014,2031,2021,63,66,70,0
,,,,1175,2019,2013,2030,2020,63,66,70,0
,,,,1176,2018,2012,2029,2019,62,65,69,0
,,,,1177,2017,2011,2028,2018,62,65,69,0
,,,,1178,2016,2010,2027,2017,63,66,70,0
,,,,1179,2015,2009,2026,2016,63,66,70,0
,,,,1180,2014,2008,2025,2015,62,65,69,0
,,,,1181,2013,2007,2024,2014,62,65,69,0
,,,,1182,2012,2006,2023,2013,62,65,69,0
,,,,1183,2011,2005,2022,2012,62,65,69,0
,,,,1184,2010,2004,2021,2011,62,65,69,0
,,,,1185,2009,2003,2020,2010,62,65,69,0
,,,,1186,2008,2002,2019,2009,62,65,69,0
,,,,1187,2007,2001,2018,2008,62,65,69,0
,,,,1188,2006,2000,2017,2007,62,65,69,0
,,,,1189,2004,1999,2016,2006,62,65,69,0
,,,,1190,2003,1997,2014,2004,62,65,69,0
,,,,1191,2002,1996,2013,2003,62,65,69,0
,,,,1192,2001,1995,2012,2002,64,67,71,0
,,,,1193,2000,1995,2012,2002,63,66,70,0
,,,,1194,1999,1993,2010,2000,64,67,71,0
,,,,1195,1998,1991,2008,1998,62,65,69,0
,,,,1196,1997,1991,2008,1998,61,64,68,0
,,,,1197,1996,1990,2007,1997,62,65,69,0
,,,,1198,1995,1989,2006,1996,63,66,70,0
,,,,1199,1994,1988,2005,1995,63,66,70,0
,,,,1200,1993,1987,2004,1994,62,65,69,0
,,,,1201,1992,1986,2003,1993,61,64,68,0
,,,,1202,1991,1985,2002,1992,62,65,69,0
,,,,1203,1990,1984,2001,1991,62,65,69,0
,,,,1204,1989,1983,2000,1990,62,65,69,0
,,,,1205,1988,1982,1999,1989,62,65,69,0
,,,,1206,1987,1981,1998,1988,62,65,69,0
,,,,1207,1986,1980,1997,1987,61,64,68,0
,,,,1208,1985,1979,1996,1986,61,64,68,0
,,,,1209,1984,1978,1995,1985,61,64,68,0
,,,,1210,1983,1977,1994,1984,61,64,68,0
,,,,1211,1982,1976,1993,1983,61,64,68,0
,,,,1212,1981,1975,1992,1982,60,63,67,0
,,,,1213,1980,1974,1991,1981,61,64,68,0
,,,,1214,1978,1973,1990,1980,60,63,67,0
,,,,1215,1977,1971,1988,1978,61,64,68,0
,,,,1216,1976,1970,1987,1977,60,63,67,0
,,,,1217,1975,1969,1986,1976,60,63,67,0
,,,,1218,1974,1968,1985,1975,60,63,67,0
,,,,1219,1973,1968,1985,1975,60,63,67,0
,,,,1220,1972,1966,1983,1973,60,63,67,0
,,,,1221,1971,1965,1982,1972,60,63,67,0
,,,,1222,1970,1964,1981,1971,60,63,67,0
,,,,1223,1969,1963,1980,1970,60,63,67,0
,,,,1224,1968,1962,1979,1969,59,62,66,0
,,,,1225,1967,1961,1978,1968,60,63,67,0
,,,,1226,1966,1960,1977,1967,59,62,66,0
,,,,1227,1965,1959,1976,1966,60,63,67,0
,,,,1228,1964,1958,1975,1965,59,62,66,0
,,,,1229,1963,1957,1974,1964,59,62,66,0
,,,,1230,1962,1956,1973,1963,59,62,66,0
,,,,1231,1961,1955,1972,1962,59,62,66,0
,,,,1232,1960,1954,1971,1961,59,62,66,0
,,,,1233,1959,1953,1970,1960,59,62,66,0
,,,,1234,1958,1952,1969,1959,59,62,66,0
,,,,1235,1957,1951,1968,1958,59,62,66,0
,,,,1236,1956,1950,1967,1957,59,62,66,0
,,,,1237,1955,1949,1966,1956,59,62,66,0
,,,,1238,1954,1948,1965,1955,59,62,66,0
,,,,1239,1952,1947,1964,1954,58,61,65,0
,,,,1240,1951,1945,1962,1952,58,61,65,0
,,,,1241,1950,1944,1961,1951,59,62,66,0
,,,,1242,1949,1943,1960,1950,59,62,66,0
,,,,1243,1948,1942,1959,1949,59,62,66,0
,,,,1244,1947,1941,1958,1948,58,61,65,0
,,,,1245,1946,1940,1957,1947,58,61,65,0
,,,,1246,1945,1939,1956,1946,58,61,65,0
,,,,1247,1944,1938,1955,1945,58,61,65,0
,,,,1248,1943,1937,1954,1944,58,61,65,0
,,,,1249,1942,1936,1953,1943,58,61,65,0
,,,,1250,1941,1935,1952,1942,58,61,65,0
,,,,1251,1940,1934,1951,1941,57,60,63,0
,,,,1252,1939,1933,1950,1940,57,60,63,0
,,,,1253,1938,1932,1949,1939,57,60,63,0
,,,,1254,1937,1931,1948,1938,58,61,65,0
,,,,1255,1936,1930,1947,1937,57,60,63,0
,,,,1256,1935,1928,1945,1935,57,60,63,0
,,,,1257,1934,1927,1944,1934,59,62,66,0
,,,,1258,1933,1926,1943,1933,58,61,65,0
,,,,1259,1932,1925,1942,1932,58,61,65,0
,,,,1260,1931,1924,1941,1931,58,61,65,0
,,,,1261,1930,1924,1941,1931,58,61,65,0
,,,,1262,1929,1922,1939,1929,58,61,65,0
,,,,1263,1927,1922,1939,1929,58,61,65,0
,,,,1264,1926,1921,1938,1928,58,61,65,0
,,,,1265,1925,1920,1937,1927,58,61,65,0
,,,,1266,1924,1919,1936,1926,57,60,63,0
,,,,1267,1923,1918,1935,1925,57,60,63,0
,,,,1268,1922,1917,1934,1924,57,60,63,0
,,,,1269,1921,1916,1933,1923,57,60,63,0
,,,,1270,1920,1915,1932,1922,57,60,63,0
,,,,1271,1919,1914,1931,1921,57,60,63,0
,,,,1272,1918,1913,1930,1920,57,60,63,0
,,,,1273,1917,1912,1929,1919,57,59,62,0
,,,,1274,1916,1911,1928,1918,57,59,62,0
,,,,1275,1915,1910,1927,1917,57,59,62,0
,,,,1276,1914,1909,1926,1916,57,59,62,0
,,,,1277,1913,1907,1924,1914,57,59,62,0
,,,,1278,1912,1906,1923,1913,57,59,62,0
,,,,1279,1911,1905,1922,1912,56,58,61,0
,,,,1280,1910,1904,1921,1911,56,58,61,0
,,,,1281,1909,1903,1920,1910,56,58,61,0
,,,,1282,1908,1902,1919,1909,56,58,61,0
,,,,1283,1907,1901,1918,1908,56,58,61,0
,,,,1284,1906,1900,1917,1907,56,58,61,0
,,,,1285,1905,1899,1916,1906,56,58,61,0
,,,,1286,1904,1898,1915,1905,56,58,61,0
,,,,1287,1903,1897,1914,1904,56,58,61,0
,,,,1288,1901,1896,1913,1903,57,59,62,0
,,,,1289,1900,1895,1912,1902,57,59,62,0
,,,,1290,1900,1894,1911,1901,57,59,62,0
,,,,1291,1900,1893,1910,1900,57,60,63,0
,,,,1292,1900,1892,1909,1899,58,61,65,0
,,,,1293,1900,1892,1909,1899,59,62,66,0
,,,,1294,1900,1891,1908,1898,60,63,67,0
,,,,1295,1900,1891,1908,1898,61,64,68,0
,,,,1296,1900,1890,1907,1897,63,66,70,0
,,,,1297,1900,1890,1907,1897,64,67,71,0
,,,,1298,1900,1890,1907,1897,65,68,72,0
,,,,1299,1900,1890,1907,1897,66,69,73,0
,,,,1300,1900,1890,1907,1897,67,70,74,0
,,,,1301,1900,1890,1907,1897,67,70,74,0
,,,,1302,1900,1890,1907,1897,68,71,75,0
,,,,1303,1900,1890,1907,1897,69,72,76,0
,,,,1304,1900,1890,1907,1897,69,72,76,0
,,,,1305,1900,1891,1908,1898,70,73,77,0
,,,,1306,1900,1891,1908,1898,71,74,78,0
,,,,1307,1900,1891,1908,1898,71,74,78,0
,,,,1308,1900,1891,1908,1898,71,74,78,0
,,,,1309,1900,1891,1908,1898,71,74,78,0
,,,,1310,1900,1891,1908,1898,72,75,79,0
,,,,1311,1900,1892,1909,1899,71,74,78,0
,,,,1312,1900,1892,1909,1899,72,75,79,0
,,,,1313,1900,1892,1909,1899,72,75,79,0
,,,,1314,1900,1892,1909,1899,71,74,78,0
,,,,1315,1900,1893,1910,1900,71,74,78,0
,,,,1316,1900,1893,1910,1900,71,74,78,0
,,,,1317,1900,1893,1910,1900,71,74,78,0
,,,,1318,1900,1893,1910,1900,71,74,78,0
,,,,1319,1900,1893,1910,1900,71,74,78,0
,,,,1320,1900,1893,1910,1900,71,74,78,0
,,,,1321,1900,1893,1910,1900,70,73,77,0
,,,,1322,1900,1893,1910,1900,70,73,77,0
,,,,1323,1900,1893,1910,1900,70,73,77,0
,,,,1324,1900,1893,1910,1900,70,73,77,0
,,,,1325,1900,1893,1910,1900,70,73,77,0
,,,,1326,1900,1893,1910,1900,70,73,77,0
,,,,1327,1900,1893,1910,1900,70,73,77,0
,,,,1328,1900,1894,1911,1901,70,73,77,0
,,,,1329,1900,1893,1910,1900,70,73,77,0
,,,,1330,1900,1894,1911,1901,70,73,77,0
,,,,1331,1900,1894,1911,1901,68,71,75,0
,,,,1332,1900,1894,1911,1901,68,71,75,0
,,,,1333,1900,1894,1911,1901,67,70,74,0
,,,,1334,1900,1893,1910,1900,67,70,74,0
,,,,1335,1900,1893,1910,1900,67,70,74,0
,,,,1336,1900,1893,1910,1900,68,71,75,0
,,,,1337,1900,1893,1910,1900,68,71,75,0
,,,,1338,1900,1893,1910,1900,68,71,75,0
,,,,1339,1900,1893,1910,1900,68,71,75,0
,,,,1340,1900,1893,1910,1900,68,71,75,0
,,,,1341,1900,1893,1910,1900,68,71,75,0
,,,,1342,1900,1892,1909,1899,69,72,76,0
,,,,1343,1900,1892,1909,1899,69,72,76,0
,,,,1344,1900,1892,1909,1899,69,72,76,0
,,,,1345,1900,1892,1909,1899,69,72,76,0
,,,,1346,1900,1892,1909,1899,70,73,77,0
,,,,1347,1900,1892,1909,1899,70,73,77,0
,,,,1348,1900,1892,1909,1899,71,74,78,0
2023-12-8T15:56:33Z,firing complete,,,,,,,,,,,
2023-12-8T15:56:33Z,info,,,,,,,,,,,
,info,gain,18,,,,,,,,,
,info,TC type,Type K,,,,,,,,,
,info,TC1 offset,0,,,,,,,,,
,info,TC2 offset,0,,,,,,,,,
,info,TC3 offset,0,,,,,,,,,
,info,error codes,On,,,,,,,,,
,info,cost,0,,,,,,,,,
,info,board temp,89,,,,,,,,,
,info,fw,v11.0,,,,,,,,,
